Name,Department,Label,Title,Category
Fabio Battaglia,Social Policy,Academic staff,Dr,Research
Liam Beiser-McGrath,Social Policy,Academic staff,Dr,Research
Thomas Biegert,Social Policy,Academic staff,Dr,Research
Tania Burchardt,Social Policy,Academic staff,Dr,Research
Leonidas Cheliotis,Social Policy,Academic staff,Dr,Research
Shuang Chen,Social Policy,Academic staff,Dr,Research
Sonia Exley,Social Policy,Academic staff,Dr,Research
Timo Fleckenstein,Social Policy,Academic staff,Professor,Research
Fiona Gogescu,Social Policy,Academic staff,,Research
Mobarak Hossain,Social Policy,Academic staff,Dr,Research
Armine Ishkanian,Social Policy,Academic staff,Professor,Research
Johann Koehler,Social Policy,Academic staff,Dr,Research
Sunil Kumar,Social Policy,Academic staff,Dr,Research
Youngcho Lee,Social Policy,Academic staff,Dr,Research
Zahid Mumtaz,Social Policy,Academic staff,Dr,Research
Tim Newburn,Social Policy,Academic staff,Professor,Research
Adam Oliver,Social Policy,Academic staff,Professor,Research
Berkay Özcan,Social Policy,Academic staff,Professor,Research
Robtel Neajai Pailey,Social Policy,Academic staff,Dr,Research
Coretta Phillips,Social Policy,Academic staff,Professor,Research
Lucinda Platt,Social Policy,Academic staff,Professor,Research
Virgi Sari,Social Policy,Academic staff,Dr,Research
Hakan Seckinelgin,Social Policy,Academic staff,Dr,Research
Almudena Sevilla,Social Policy,Academic staff,Professor,Research
Michael Shiner,Social Policy,Academic staff,Dr,Research
Isabel Shutes,Social Policy,Academic staff,Dr,Research
Kitty Stewart,Social Policy,Academic staff,Dr,Research
Margaux Suteau,Social Policy,Academic staff,Dr,Research
Iva Tasseva,Social Policy,Academic staff,Dr,Research
Anne West,Social Policy,Academic staff,Professor,Research
Francisco H. G. Ferreira,Social Policy,Affiliated staff,Professor,Research
Damian Roberts,Social Policy,Professional services staff,,Non-Research
Clare Gorman,Social Policy,Professional services staff,,Non-Research
Sevilay Erdogan,Social Policy,Professional services staff,,Non-Research
Adrian Knight,Social Policy,Professional services staff,,Non-Research
Joe Macdonald,Social Policy,Professional services staff,Dr,Non-Research
Nathaniel Ocquaye,Social Policy,Professional services staff,,Non-Research
Maria Schlegel,Social Policy,Professional services staff,,Non-Research
Craig Stewart,Social Policy,Professional services staff,Dr,Non-Research
Jake Watkins,Social Policy,Professional services staff,,Non-Research
Hao Wu,Social Policy,Professional services staff,Dr,Non-Research
Raegan Booth,Social Policy,Research Staff and Clusters,,Research
Pilar Cuevas-Ruiz,Social Policy,Research Staff and Clusters,,Research
Ritika Arora,Social Policy,Guest teachers,,Non-Research
Chiara Chiavaroli,Social Policy,Guest teachers,,Non-Research
Joel Chong,Social Policy,Guest teachers,,Non-Research
Robert Falconer,Social Policy,Guest teachers,,Non-Research
Maria Karagiannidou,Social Policy,Guest teachers,,Non-Research
Roni Küppers,Social Policy,Guest teachers,,Non-Research
Julie Lespinasse,Social Policy,Guest teachers,,Non-Research
Joaquin Mayora Camus,Social Policy,Guest teachers,,Non-Research
Manna Mostaghim,Social Policy,Guest teachers,,Non-Research
Waqar Ahmad,Social Policy,Visiting Staff,Professor,Research
Piera Bello,Social Policy,Visiting Staff,Dr,Research
Mike Brewer,Social Policy,Visiting Staff,Dr,Research
Tymofii Brik,Social Policy,Visiting Staff,Dr,Research
Francesca Foliano,Social Policy,Visiting Staff,Dr,Research
Paul Frijters,Social Policy,Visiting Staff,Professor,Research
Cecilia Garcia Penalosa,Social Policy,Visiting Staff,Professor,Research
Tony Hockley,Social Policy,Visiting Staff,Dr,Research
Vanessa Hughes,Social Policy,Visiting Staff,Dr,Research
Ching Leong,Social Policy,Visiting Staff,Dr,Research
Chiara Orsini,Social Policy,Visiting Staff,Dr,Research
Deborah Outhwaite,Social Policy,Visiting Staff,Dr,Research
Lynette Rawlings,Social Policy,Visiting Staff,Dr,Research
Ismael Sanz,Social Policy,Visiting Staff,Professor,Research
John Carrier,Social Policy,Emeritus,Dr,Research
Hartley Dean,Social Policy,Emeritus,Professor,Research
David Downes,Social Policy,Emeritus,Professor,Research
Howard Glennerster,Social Policy,Emeritus,Professor,Research
Jane Lewis,Social Policy,Emeritus,Professor,Research
Eileen Munro,Social Policy,Emeritus,Professor,Research
Michael Murphy,Social Policy,Emeritus,Professor,Research
David Piachaud,Social Policy,Emeritus,Professor,Research
Anne Power,Social Policy,Emeritus,Professor,Research
Gail Wilson,Social Policy,Emeritus,Dr,Research
Rita Astuti,Anthropology,Academic staff,Professor,Research
Mukulika Banerjee,Anthropology,Academic staff,Dr,Research
"Laura Bear MBE, FBA",Anthropology,Academic staff,Professor,Research
Fenella Cannell,Anthropology,Academic staff,Dr,Research
Clara Devlieger,Anthropology,Academic staff,Dr,Research
Yazan Doughan,Anthropology,Academic staff,Dr,Research
Katy Gardner,Anthropology,Academic staff,Professor,Research
,Anthropology,Academic staff,Professor,Research
Deborah James FBA,Anthropology,Academic staff,,Research
Nick Long,Anthropology,Academic staff,Dr,Research
Mathijs Pelkmans,Anthropology,Academic staff,Professor,Research
Michael W. Scott,Anthropology,Academic staff,Professor,Research
Alpa Shah,Anthropology,Academic staff,Professor,Research
Hans Steinmüller,Anthropology,Academic staff,Dr,Research
Harry Walker,Anthropology,Academic staff,Dr,Research
Gisa Weszkalnys,Anthropology,Academic staff,Dr,Research
Mareike Winchell,Anthropology,Academic staff,Dr,Research
Yanina Hinrichsen,Anthropology,Administrative staff,,Non-Research
Chloe Davies,Anthropology,Administrative staff,,Non-Research
Megan Garry-Evans,Anthropology,Administrative staff,,Non-Research
Tomas Hinrichsen,Anthropology,Administrative staff,,Non-Research
James Johnston,Anthropology,Administrative staff,,Non-Research
Renata Todd,Anthropology,Administrative staff,,Non-Research
Anjana Bala,Anthropology,Research and LSE Fellows,Dr,Research
Gareth Breen,Anthropology,Research and LSE Fellows,Dr,Research
Jan David Hauck,Anthropology,Research and LSE Fellows,Dr,Research
Mayanka Mukherji,Anthropology,Research and LSE Fellows,Dr,Research
Stephanie Postar,Anthropology,Research and LSE Fellows,Dr,Research
Sofía Ugarte,Anthropology,Research and LSE Fellows,Dr,Research
Frederick Wojnarowski,Anthropology,Research and LSE Fellows,Dr,Research
Teodor Zidaru,Anthropology,Research and LSE Fellows,Dr,Research
Karin Barber,Anthropology,Visiting staff,Professor,Research
Eona Bell,Anthropology,Visiting staff,Dr,Research
Hélène Bloch,Anthropology,Visiting staff,Dr,Research
Rebecca Bowers,Anthropology,Visiting staff,Dr,Research
Chris Chaplin,Anthropology,Visiting staff,Dr,Research
Harriet Evans,Anthropology,Visiting staff,Professor,Research
Luis Garcia Briceno,Anthropology,Visiting staff,Dr,Research
Charlotte Hawkins,Anthropology,Visiting staff,Dr,Research
Carrie Heitmeyer,Anthropology,Visiting staff,Dr,Research
Mathilde Heslon,Anthropology,Visiting staff,Dr,Research
Insa Koch,Anthropology,Visiting staff,Professor,Research
Adam Kuper,Anthropology,Visiting staff,Professor,Research
Megan Laws,Anthropology,Visiting staff,Dr,Research
Loretta Lou,Anthropology,Visiting staff,Dr,Research
Arthur Mason,Anthropology,Visiting staff,Dr,Research
Claire Moll-Namas,Anthropology,Visiting staff,Dr,Research
Fuad Musallam,Anthropology,Visiting staff,Dr,Research
Giulio Ongaro,Anthropology,Visiting staff,Dr,Research
Ottavia Paternò,Anthropology,Visiting staff,Dr,Research
Dagna Rams,Anthropology,Visiting staff,Dr,Research
Zimran Samuel,Anthropology,Visiting staff,,Research
Marina Sapritsky-Nahum,Anthropology,Visiting staff,Dr,Research
Mitchell W Sedgwick,Anthropology,Visiting staff,Dr,Research
Imani Strong,Anthropology,Visiting staff,Dr,Research
Kelzang Tashi,Anthropology,Visiting staff,Dr,Research
Sylvia Yanagisako,Anthropology,Visiting staff,Professor,Research
Maurice Bloch,Anthropology,Retired academic staff,Professor,Research
Stephan Feuchtwang,Anthropology,Retired academic staff,Professor,Research
Jean La Fontaine,Anthropology,Retired academic staff,Professor,Research
Chris Fuller,Anthropology,Retired academic staff,Professor,Research
Martha Mundy,Anthropology,Retired academic staff,Professor,Research
Jonathan Parry,Anthropology,Retired academic staff,Professor,Research
Ashwini Agrawal,Finance,Finance faculty,Dr,Research
Ulf Axelson,Finance,Finance faculty,Professor,Research
Cynthia Balloch,Finance,Finance faculty,Dr,Research
Mike Burkart,Finance,Finance faculty,Professor,Research
Georgy Chabakauri,Finance,Finance faculty,Dr,Research
Constantin Charles,Finance,Finance faculty,Dr,Research
Kim Fe Cramer,Finance,Finance faculty,Dr,Research
Vicente Cuñat,Finance,Finance faculty,Professor,Research
Jon Danielsson,Finance,Finance faculty,Dr,Research
Amil Dasgupta,Finance,Finance faculty,Professor,Research
Daniel Ferreira,Finance,Finance faculty,Professor,Research
Juanita Gonzalez-Uribe,Finance,Finance faculty,Dr,Research
Dirk Jenter,Finance,Finance faculty,Professor,Research
Christian Julliard,Finance,Finance faculty,Dr,Research
Peter Kondor,Finance,Finance faculty,Professor,Research
Paula Lopes-Cocco,Finance,Finance faculty,Dr,Research
Dong Lou,Finance,Finance faculty,Professor,Research
Igor Makarov,Finance,Finance faculty,Dr,Research
Ian Martin,Finance,Finance faculty,Professor,Research
Martin Oehmke,Finance,Finance faculty,Professor,Research
Daniel Paravisini,Finance,Finance faculty,Professor,Research
Cameron Peng,Finance,Finance faculty,Dr,Research
Christopher Polk,Finance,Finance faculty,Professor,Research
Rohit Rahi,Finance,Finance faculty,Dr,Research
Walker Ray,Finance,Finance faculty,Dr,Research
Cristina Scherrer,Finance,Finance faculty,Dr,Research
Dimitri Vayanos,Finance,Finance faculty,Professor,Research
Liliana Varela,Finance,Finance faculty,Dr,Research
Michela Verardo,Finance,Finance faculty,Dr,Research
David Webb,Finance,Finance faculty,Professor,Research
Kathy Yuan,Finance,Finance faculty,Professor,Research
Linyan Zhu,Finance,Finance faculty,Dr,Research
Angie Adrikogiannapoulou,Finance,Visiting and Emeritus Academics,Dr,Research
Alex Edmans,Finance,Visiting and Emeritus Academics,Professor,Research
Yves Nosbusch,Finance,Visiting and Emeritus Academics,Dr,Research
Dimitris Papadimitriou,Finance,Visiting and Emeritus Academics,Dr,Research
Jojo Paul,Finance,Visiting and Emeritus Academics,Dr,Research
Alberto Pellicioli,Finance,Visiting and Emeritus Academics,Dr,Research
Pedro Saffi,Finance,Visiting and Emeritus Academics,Professor,Research
Oliver Ashtari Tafti,Finance,Class teachers,,Non-Research
Bijan Aghdasi,Finance,Class teachers,,Non-Research
Konstantinos Baltas,Finance,Class teachers,Dr,Non-Research
Guido Bodrato,Finance,Class teachers,Dr,Non-Research
Yanna Cai,Finance,Class teachers,,Non-Research
Benjamin Chen,Finance,Class teachers,,Non-Research
Ali Choubdaran Varnosfaderani,Finance,Class teachers,,Non-Research
James Clark,Finance,Class teachers,Dr,Non-Research
Gustavo Dias,Finance,Class teachers,Dr,Non-Research
Nicolas Garrido Sureda,Finance,Class teachers,,Non-Research
Marcus Gomes de Castro,Finance,Class teachers,,Non-Research
Chris Greiner,Finance,Class teachers,,Non-Research
Yang Guo,Finance,Class teachers,,Non-Research
Davide La Cara,Finance,Class teachers,,Non-Research
Jialiang Lou,Finance,Class teachers,,Non-Research
Xinchen Ma,Finance,Class teachers,,Non-Research
Guido Maia Da Cunha,Finance,Class teachers,,Non-Research
Nithin Mannil,Finance,Class teachers,,Non-Research
Maithili Modi,Finance,Class teachers,,Non-Research
Mark Morley,Finance,Class teachers,,Non-Research
Min Park,Finance,Class teachers,Dr,Non-Research
Marco Pelosi,Finance,Class teachers,Dr,Non-Research
Robert Rogers,Finance,Class teachers,,Non-Research
Vahid Rostamkhani,Finance,Class teachers,,Non-Research
Jiahong Shi,Finance,Class teachers,,Non-Research
Elizaveta Smorodenkova,Finance,Class teachers,,Non-Research
Yanhuan Tang,Finance,Class teachers,,Non-Research
Yuan Tian,Finance,Class teachers,,Non-Research
Niels Wagner,Finance,Class teachers,,Non-Research
Yibing Wang,Finance,Class teachers,,Non-Research
Song Xiao,Finance,Class teachers,,Non-Research
Zheyuan Yang,Finance,Class teachers,,Non-Research
Harriet Baylore,Finance,Professional services staff,,Non-Research
Morag Brocklehurst,Finance,Professional services staff,,Non-Research
Rhys Cadman,Finance,Professional services staff,,Non-Research
Hei-Man Chan,Finance,Professional services staff,,Non-Research
Elena Christophorou,Finance,Professional services staff,,Non-Research
Mary Comben,Finance,Professional services staff,,Non-Research
Oliver Dowling,Finance,Professional services staff,,Non-Research
Eleanor Eiserman,Finance,Professional services staff,,Non-Research
Francesca Gil,Finance,Professional services staff,,Non-Research
Henrietta Griffith,Finance,Professional services staff,,Non-Research
Jasper Heeks,Finance,Professional services staff,,Non-Research
Nicole Jashapara,Finance,Professional services staff,,Non-Research
Ella Lucas,Finance,Professional services staff,,Non-Research
Yana Marchuk,Finance,Professional services staff,,Non-Research
Joe Meegan,Finance,Professional services staff,,Non-Research
Isabella Peebles,Finance,Professional services staff,,Non-Research
Neesha Rai,Finance,Professional services staff,,Non-Research
Osmana Raie,Finance,Professional services staff,,Non-Research
Jamie Rishworth,Finance,Professional services staff,,Non-Research
Domingos Romualdo,Finance,Professional services staff,Dr,Non-Research
Stuti Sahajpal,Finance,Professional services staff,,Non-Research
Paul Stoker,Finance,Professional services staff,,Non-Research
Simon Tuck,Finance,Professional services staff,,Non-Research
Grace Williams,Finance,Professional services staff,,Non-Research
Ahmad Abdi,Mathematics,Academic Faculty,Dr,Research
Peter Allen,Mathematics,Academic Faculty,Professor,Research
Martin Anthony,Mathematics,Academic Faculty,Professor,Research
Galit Ashkenazi-Golan,Mathematics,Academic Faculty,Dr,Research
Tuğkan Batu,Mathematics,Academic Faculty,Dr,Research
Julia Böttcher,Mathematics,Academic Faculty,Professor,Research
Graham Brightwell,Mathematics,Academic Faculty,Professor,Research
Christoph Czichowsky,Mathematics,Academic Faculty,Dr,Research
Czichowsky,Mathematics,Academic Faculty,,Research
Albina Danilova,Mathematics,Academic Faculty,Dr,Research
Pavel Gapeev,Mathematics,Academic Faculty,Dr,Research
Olivier Gossner,Mathematics,Academic Faculty,Professor,Research
Jan van den Heuvel,Mathematics,Academic Faculty,Professor,Research
Grammateia Kotsialou,Mathematics,Academic Faculty,Dr,Research
Ioannis Kouletsis,Mathematics,Academic Faculty,Dr,Research
Arne Lokka,Mathematics,Academic Faculty,Dr,Research
Marie Oldfield,Mathematics,Academic Faculty,Dr,Research
Neil Olver,Mathematics,Academic Faculty,Dr,Research
Adam Ostaszewski,Mathematics,Academic Faculty,Professor,Research
Katerina Papadaki,Mathematics,Academic Faculty,Dr,Research
Emilio Pierro,Mathematics,Academic Faculty,Dr,Research
Johannes Ruf,Mathematics,Academic Faculty,Professor,Research
Amol Sasane,Mathematics,Academic Faculty,Professor,Research
Robert Simon,Mathematics,Academic Faculty,Dr,Research
Jozef Skokan,Mathematics,Academic Faculty,Professor,Research
Gregory Sorkin,Mathematics,Academic Faculty,Professor,Research
Bernhard von Stengel,Mathematics,Academic Faculty,Professor,Research
Konrad Swanepoel,Mathematics,Academic Faculty,Professor,Research
László Végh,Mathematics,Academic Faculty,Professor,Research
Luitgard Veraart,Mathematics,Academic Faculty,Professor,Research
James Ward,Mathematics,Academic Faculty,Dr,Research
Aled Williams,Mathematics,Academic Faculty,Dr,Research
Giacomo Zambelli,Mathematics,Academic Faculty,Professor,Research
Mihail Zervos,Mathematics,Academic Faculty,Professor,Research
Elad Aigner-Horev,Mathematics,Academic Associates - Emeritus professors and visiting staff,Dr,Research
Steve Alpern,Mathematics,Academic Associates - Emeritus professors and visiting staff,Professor,Research
June Barrow-Green,Mathematics,Academic Associates - Emeritus professors and visiting staff,Professor,Research
Norman Biggs,Mathematics,Academic Associates - Emeritus professors and visiting staff,Professor,Research
Nick Bingham,Mathematics,Academic Associates - Emeritus professors and visiting staff,Professor,Research
Richard Cole,Mathematics,Academic Associates - Emeritus professors and visiting staff,Professor,Research
David Collier,Mathematics,Academic Associates - Emeritus professors and visiting staff,,Research
Paul Dütting,Mathematics,Academic Associates - Emeritus professors and visiting staff,Dr,Research
Michal Feldman,Mathematics,Academic Associates - Emeritus professors and visiting staff,Professor,Research
Thomas Lidbetter,Mathematics,Academic Associates - Emeritus professors and visiting staff,Dr,Research
Benny Sudakov,Mathematics,Academic Associates - Emeritus professors and visiting staff,Professor,Research
Peyton Young,Mathematics,Academic Associates - Emeritus professors and visiting staff,Professor,Research
Johannes Brustle,Mathematics,Class Teachers,,Non-Research
Jun Cheng,Mathematics,Class Teachers,,Non-Research
Mahsa Dalirrooy-Fard,Mathematics,Class Teachers,,Non-Research
Carmelo Di Natale,Mathematics,Class Teachers,,Non-Research
Sam Fendrich,Mathematics,Class Teachers,,Non-Research
Aron Fulop,Mathematics,Class Teachers,,Non-Research
Erin Hales,Mathematics,Class Teachers,,Non-Research
Jasmin Katz,Mathematics,Class Teachers,,Non-Research
Boris Krippa,Mathematics,Class Teachers,,Non-Research
Arthur Lloyd-Phillips,Mathematics,Class Teachers,,Non-Research
Daniil Mamaev,Mathematics,Class Teachers,,Non-Research
Mihir Neve,Mathematics,Class Teachers,,Non-Research
Laurence O'Toole,Mathematics,Class Teachers,,Non-Research
Vasos Pavlika,Mathematics,Class Teachers,,Non-Research
Edward Plumb,Mathematics,Class Teachers,,Non-Research
Calum Robson,Mathematics,Class Teachers,,Non-Research
Niccolò Salvatori,Mathematics,Class Teachers,,Non-Research
Amedeo Sueglia,Mathematics,Class Teachers,,Non-Research
David Solomon,Mathematics,Class Teachers,,Non-Research
Yueying Sun,Mathematics,Class Teachers,,Non-Research
Mohamed Tawfik,Mathematics,Class Teachers,,Non-Research
Haoxiang Wang,Mathematics,Class Teachers,,Non-Research
Tony Whelan,Mathematics,Class Teachers,,Non-Research
Michael Yiasemides,Mathematics,Class Teachers,,Non-Research
Hengjian Zhang,Mathematics,Class Teachers,,Non-Research
Lu-Ming Zhang,Mathematics,Class Teachers,,Non-Research
George Zouros,Mathematics,Class Teachers,,Non-Research
Kate Barker,Mathematics,Professional Services Staff,,Non-Research
Rebecca Batey,Mathematics,Professional Services Staff,,Non-Research
Jasna Begić,Mathematics,Professional Services Staff,,Non-Research
Sharon Donegal-Grant,Mathematics,Professional Services Staff,,Non-Research
Emily Jackson,Mathematics,Professional Services Staff,,Non-Research
Joe Faulkner,Mathematics,Professional Services Staff,,Non-Research
Elvina Moonien,Mathematics,Professional Services Staff,,Non-Research
Sharat Ibrahimpur,Mathematics,Post-doctoral Researchers,Dr,Research
Mehdi Makhul,Mathematics,Post-doctoral Researchers,Dr,Research
Yani Pehova,Mathematics,Post-doctoral Researchers,Dr,Research
James Abdey,Statistics,Academic faculty,Dr,Research
Mona Azadkia,Statistics,Academic faculty,Dr,Research
Marcos Barreto,Statistics,Academic faculty,Dr,Research
Pauline Barrieu,Statistics,Academic faculty,Professor,Research
Erik Baurdoux,Statistics,Academic faculty,Dr,Research
Wicher Bergsma,Statistics,Academic faculty,Professor,Research
Umut Cetin,Statistics,Academic faculty,Professor,Research
Yining Chen,Statistics,Academic faculty,Dr,Research
Yunxiao Chen,Statistics,Academic faculty,Dr,Research
Angelos Dassios,Statistics,Academic faculty,Professor,Research
Piotr Fryzlewicz,Statistics,Academic faculty,Professor,Research
Sara Geneletti,Statistics,Academic faculty,Dr,Research
Kostas Kalogeropoulos,Statistics,Academic faculty,Dr,Research
Kostas Kardaras,Statistics,Academic faculty,Professor,Research
Jouni Kuha,Statistics,Academic faculty,Professor,Research
Pik Liew,Statistics,Academic faculty,Dr,Research
Giulia Livieri,Statistics,Academic faculty,Dr,Research
Joshua Loftus,Statistics,Academic faculty,Dr,Research
Gelly Mitrodima,Statistics,Academic faculty,Dr,Research
Irini Moustaki,Statistics,Academic faculty,Professor,Research
Francesca Panero,Statistics,Academic faculty,Dr,Research
Xinghao Qiao,Statistics,Academic faculty,,Research
Chengchun Shi,Statistics,Academic faculty,Dr,Research
Fiona Steele,Statistics,Academic faculty,Professor,Research
Zoltan Szabo,Statistics,Academic faculty,Professor,Research
Milan Vojnovic,Statistics,Academic faculty,Professor,Research
Tengyao Wang,Statistics,Academic faculty,Dr,Research
Qiwei Yao,Statistics,Academic faculty,Professor,Research
Christine Yuen,Statistics,Academic faculty,Dr,Research
Xiaolin Zhu,Statistics,Academic faculty,Dr,Research
Anthony Atkinson,Statistics,"Academic associates - Emeritus Professors, Guest Lecturers, Fellows and Visiting staff",Professor,Research
Camilo Cárdenas Hurtado,Statistics,"Academic associates - Emeritus Professors, Guest Lecturers, Fellows and Visiting staff",Dr,Research
Phil Chan,Statistics,"Academic associates - Emeritus Professors, Guest Lecturers, Fellows and Visiting staff",Dr,Research
Yudong Chen,Statistics,"Academic associates - Emeritus Professors, Guest Lecturers, Fellows and Visiting staff",Dr,Research
Moez Draief,Statistics,"Academic associates - Emeritus Professors, Guest Lecturers, Fellows and Visiting staff",Dr,Research
Tomasz Dubiel-Teleszynski,Statistics,"Academic associates - Emeritus Professors, Guest Lecturers, Fellows and Visiting staff",Dr,Research
Shakeel Gavioli-Akilagun,Statistics,"Academic associates - Emeritus Professors, Guest Lecturers, Fellows and Visiting staff",,Research
Anastasia Kakou,Statistics,"Academic associates - Emeritus Professors, Guest Lecturers, Fellows and Visiting staff",Dr,Research
Anica Kostic,Statistics,"Academic associates - Emeritus Professors, Guest Lecturers, Fellows and Visiting staff",Dr,Research
Yirui Liu,Statistics,"Academic associates - Emeritus Professors, Guest Lecturers, Fellows and Visiting staff",Dr,Research
Martin Knott,Statistics,"Academic associates - Emeritus Professors, Guest Lecturers, Fellows and Visiting staff",Dr,Research
Milt Mavrakakis,Statistics,"Academic associates - Emeritus Professors, Guest Lecturers, Fellows and Visiting staff",Dr,Research
Colm O’Muircheartaigh,Statistics,"Academic associates - Emeritus Professors, Guest Lecturers, Fellows and Visiting staff",Professor,Research
Roel Oomen,Statistics,"Academic associates - Emeritus Professors, Guest Lecturers, Fellows and Visiting staff",Dr,Research
Karsten Shaw,Statistics,"Academic associates - Emeritus Professors, Guest Lecturers, Fellows and Visiting staff",,Research
Howell Tong,Statistics,"Academic associates - Emeritus Professors, Guest Lecturers, Fellows and Visiting staff",Professor,Research
Konstantinos Vamvourellis,Statistics,"Academic associates - Emeritus Professors, Guest Lecturers, Fellows and Visiting staff",Dr,Research
Gabriel Wallin,Statistics,"Academic associates - Emeritus Professors, Guest Lecturers, Fellows and Visiting staff",Dr,Research
Henry Wynn,Statistics,"Academic associates - Emeritus Professors, Guest Lecturers, Fellows and Visiting staff",Professor,Research
Kaifang Zhou,Statistics,"Academic associates - Emeritus Professors, Guest Lecturers, Fellows and Visiting staff",Dr,Research
Jin Zhu,Statistics,Research staff,Dr,Research
Steve Ellis,Statistics,Professional services staff,,Non-Research
Muhammed Sabih Iqbal,Statistics,Professional services staff,,Non-Research
Yanli Ji,Statistics,Professional services staff,,Non-Research
Sarah McManus,Statistics,Professional services staff,,Non-Research
Penny Montague,Statistics,Professional services staff,,Non-Research
Charlotte Morgan,Statistics,Professional services staff,,Non-Research
Penelope Smith,Statistics,Professional services staff,,Non-Research
Montana Tracey,Statistics,Professional services staff,,Non-Research
Liam Delaney,Psychological and Beahvioural Science,PBS Management,Professor,Non-Research
Bradley Franks,Psychological and Beahvioural Science,PBS Management,Professor,Non-Research
Alex Gillespie,Psychological and Beahvioural Science,PBS Management,Professor,Non-Research
Champa Heidbrink,Psychological and Beahvioural Science,PBS Management,,Non-Research
Deema Awad,Psychological and Beahvioural Science,Faculty,Dr,Research
Frederic Basso,Psychological and Beahvioural Science,Faculty,Dr,Research
Martin W. Bauer,Psychological and Beahvioural Science,Faculty,Professor,Research
Thomas Curran,Psychological and Beahvioural Science,Faculty,Dr,Research
Paul Dolan,Psychological and Beahvioural Science,Faculty,Professor,Research
Matteo M. Galizzi,Psychological and Beahvioural Science,Faculty,Dr,Research
Lucia Garcia-Lorenzo,Psychological and Beahvioural Science,Faculty,Dr,Research
Jeremy Ginges,Psychological and Beahvioural Science,Faculty,Professor,Research
Laura M. Giurge,Psychological and Beahvioural Science,Faculty,Dr,Research
Ilka Gleibs,Psychological and Beahvioural Science,Faculty,Dr,Research
Maxi Heitmayer,Psychological and Beahvioural Science,Faculty,Dr,Research
Ishan Jalan,Psychological and Beahvioural Science,Faculty,Dr,Research
Christian Krekel,Psychological and Beahvioural Science,Faculty,Dr,Research
Dario Krpan,Psychological and Beahvioural Science,Faculty,Dr,Research
Kate Laffan,Psychological and Beahvioural Science,Faculty,Dr,Research
Saadi Lahlou,Psychological and Beahvioural Science,Faculty,Professor,Research
Grace Lordan,Psychological and Beahvioural Science,Faculty,Dr,Research
Jens Madsen,Psychological and Beahvioural Science,Faculty,Dr,Research
Michael Muthukrishna,Psychological and Beahvioural Science,Faculty,Dr,Research
Tom Reader,Psychological and Beahvioural Science,Faculty,Dr,Research
Jennifer Sheehy-Skeffington,Psychological and Beahvioural Science,Faculty,Dr,Research
Ganga Shreedhar,Psychological and Beahvioural Science,Faculty,Dr,Research
Elizabeth Stokoe,Psychological and Beahvioural Science,Faculty,Professor,Research
Miriam Tresh,Psychological and Beahvioural Science,Faculty,Dr,Research
Alina Velias,Psychological and Beahvioural Science,Faculty,Dr,Research
Edoardo Zulato,Psychological and Beahvioural Science,Faculty,Dr,Research
Gosia Brown,Psychological and Beahvioural Science,Professional Services Staff (PSS),,Non-Research
Martha Clarke,Psychological and Beahvioural Science,Professional Services Staff (PSS),,Non-Research
Karine Gay,Psychological and Beahvioural Science,Professional Services Staff (PSS),,Non-Research
Carl Goodwin,Psychological and Beahvioural Science,Professional Services Staff (PSS),,Non-Research
Louise Millar,Psychological and Beahvioural Science,Professional Services Staff (PSS),,Non-Research
Salv Ridino,Psychological and Beahvioural Science,Professional Services Staff (PSS),,Non-Research
Sean Rooney,Psychological and Beahvioural Science,Professional Services Staff (PSS),,Non-Research
Will Stubbs,Psychological and Beahvioural Science,Professional Services Staff (PSS),,Non-Research
Dimitris Thomopoulos,Psychological and Beahvioural Science,Professional Services Staff (PSS),,Non-Research
Bankole Falade,Psychological and Beahvioural Science,Research Staff,Dr,Research
Ivan Kroupin,Psychological and Beahvioural Science,Research Staff,Dr,Research
Georgios Melios,Psychological and Beahvioural Science,Research Staff,Dr,Research
Maria Cecilia Dedios Sanguineti,Psychological and Beahvioural Science,Research Staff,Dr,Research
Rachel Spicer,Psychological and Beahvioural Science,Research Staff,Dr,Research
George Gaskell,Psychological and Beahvioural Science,Emeritus Professors and Honorary Fellows,Professor,Research
Patrick Humphreys,Psychological and Beahvioural Science,Emeritus Professors and Honorary Fellows,Professor,Research
Janet Stockdale,Psychological and Beahvioural Science,Emeritus Professors and Honorary Fellows,Dr,Research
Kavita Abraham-Dowsing,Psychological and Beahvioural Science,Visiting Fellows,Dr,Research
Paul Adams,Psychological and Beahvioural Science,Visiting Fellows,,Research
Nihan Albayrak-Aydemir,Psychological and Beahvioural Science,Visiting Fellows,Dr,Research
Sanchayan Banerjee,Psychological and Beahvioural Science,Visiting Fellows,Dr,Research
Denise Baron,Psychological and Beahvioural Science,Visiting Fellows,Dr,Research
Natalia Concha,Psychological and Beahvioural Science,Visiting Fellows,Dr,Research
Elisabeth Costa,Psychological and Beahvioural Science,Visiting Fellows,,Research
Fangming Cui,Psychological and Beahvioural Science,Visiting Fellows,Dr,Research
Marta Entradas,Psychological and Beahvioural Science,Visiting Fellows,Dr,Research
Natalie Gold,Psychological and Beahvioural Science,Visiting Fellows,Professor,Research
Caroline Howarth,Psychological and Beahvioural Science,Visiting Fellows,Dr,Research
Edward Hughes,Psychological and Beahvioural Science,Visiting Fellows,Dr,Research
Anni Kajanus,Psychological and Beahvioural Science,Visiting Fellows,Dr,Research
Meena Kotecha,Psychological and Beahvioural Science,Visiting Fellows,Dr,Research
Ploutarchos Kourtidis,Psychological and Beahvioural Science,Visiting Fellows,Dr,Research
George Loewenstein,Psychological and Beahvioural Science,Visiting Fellows,Professor,Research
Lucia Macchia,Psychological and Beahvioural Science,Visiting Fellows,Dr,Research
Ivana Markova,Psychological and Beahvioural Science,Visiting Fellows,Professor,Research
Mary McLennan,Psychological and Beahvioural Science,Visiting Fellows,,Research
Liora Moskovitz,Psychological and Beahvioural Science,Visiting Fellows,Dr,Research
Jeroen Nieboer,Psychological and Beahvioural Science,Visiting Fellows,Dr,Research
Cathy Nicholson,Psychological and Beahvioural Science,Visiting Fellows,Dr,Research
Celestin Okoroji,Psychological and Beahvioural Science,Visiting Fellows,Dr,Research
Marcelo Ramella,Psychological and Beahvioural Science,Visiting Fellows,Dr,Research
Jessica Rea,Psychological and Beahvioural Science,Visiting Fellows,Dr,Research
Barry Rogers,Psychological and Beahvioural Science,Visiting Fellows,Dr,Research
Gordon Sammut,Psychological and Beahvioural Science,Visiting Fellows,Dr,Research
Lucia Sell-Trujillo,Psychological and Beahvioural Science,Visiting Fellows,Dr,Research
Ben Shenoy,Psychological and Beahvioural Science,Visiting Fellows,Dr,Research
Ahmet Suerdem,Psychological and Beahvioural Science,Visiting Fellows,Professor,Research
Umar Taj,Psychological and Beahvioural Science,Visiting Fellows,Dr,Research
Chris Tennant,Psychological and Beahvioural Science,Visiting Fellows,Dr,Research
Alessia Tosi,Psychological and Beahvioural Science,Visiting Fellows,Dr,Research
Ben Voyer,Psychological and Beahvioural Science,Visiting Fellows,Professor,Research
Paulius Yamin-Slotkus,Psychological and Beahvioural Science,Visiting Fellows,Dr,Research
Scott Young,Psychological and Beahvioural Science,Visiting Fellows,,Research
Aishwarya Bellam,Psychological and Beahvioural Science,Graduate Teaching Assistants (GTAs),,Non-Research
Lazaros - Antonios Chatzilazarou,Psychological and Beahvioural Science,Graduate Teaching Assistants (GTAs),,Non-Research
Adam Davidson,Psychological and Beahvioural Science,Graduate Teaching Assistants (GTAs),,Non-Research
Wangjingyi Liao,Psychological and Beahvioural Science,Graduate Teaching Assistants (GTAs),,Non-Research
Nils Mallock,Psychological and Beahvioural Science,Graduate Teaching Assistants (GTAs),,Non-Research
Atrina Oraee,Psychological and Beahvioural Science,Graduate Teaching Assistants (GTAs),,Non-Research
Sharon Raj,Psychological and Beahvioural Science,Graduate Teaching Assistants (GTAs),,Non-Research
Email:,Psychological and Beahvioural Science,Graduate Teaching Assistants (GTAs),,Non-Research
Haoran Shi,Psychological and Beahvioural Science,Graduate Teaching Assistants (GTAs),,Non-Research
Da’Quallon Smith,Psychological and Beahvioural Science,Graduate Teaching Assistants (GTAs),,Non-Research
Chen-Ta Sung,Psychological and Beahvioural Science,Graduate Teaching Assistants (GTAs),,Non-Research
Wendy Wang,Psychological and Beahvioural Science,Graduate Teaching Assistants (GTAs),,Non-Research
Sayeh Yousefi,Psychological and Beahvioural Science,Graduate Teaching Assistants (GTAs),,Non-Research
Bradley Franks (Chair),Psychological and Beahvioural Science,Department committees,Professor,Research
Dimitris Thomopoulos (Secretary),Psychological and Beahvioural Science,Department committees,,Research
BSc Development Committee,Psychological and Beahvioural Science,Department committees,,Research
Salv Ridino (Secretary),Psychological and Beahvioural Science,Department committees,,Research
Research Committee,Psychological and Beahvioural Science,Department committees,,Research
Martin Bauer,Psychological and Beahvioural Science,Department committees,Professor,Research
Matteo M Galizzi,Psychological and Beahvioural Science,Department committees,Dr,Research
Karine Gay (Secretary),Psychological and Beahvioural Science,Department committees,,Research
Jens Madsen (Co-chair),Psychological and Beahvioural Science,Department committees,Dr,Research
Dimitris Thomopoulos (Co-chair),Psychological and Beahvioural Science,Department committees,,Research
PhD Committee,Psychological and Beahvioural Science,Department committees,,Research
Liam Delaney (Chair),Psychological and Beahvioural Science,Department committees,Professor,Research
J. Chris Alden,International Relations,Academic staff,Professor,Research
Martin Bayly,International Relations,Academic staff,Dr,Research
Federica Bicchi,International Relations,Academic staff,Dr,Research
Tarsis Brito,International Relations,Academic staff,Dr,Research
Lucinda Cadzow,International Relations,Academic staff,Dr,Research
William Callahan,International Relations,Academic staff,Professor,Research
Jeffrey Chwieroth,International Relations,Academic staff,Professor,Research
Thomas Da Costa Vieira,International Relations,Academic staff,Dr,Research
Katerina Dalacoura,International Relations,Academic staff,Dr,Research
Shikha Dilawri,International Relations,Academic staff,Dr,Research
Toby Dodge,International Relations,Academic staff,Professor,Research
Spyros Economides,International Relations,Academic staff,Dr,Research
Alice Engelhard,International Relations,Academic staff,,Research
Robert Falkner,International Relations,Academic staff,Professor,Research
Fawaz A. Gerges,International Relations,Academic staff,Professor,Research
Anna Getmansky,International Relations,Academic staff,Dr,Research
Patrick Gill-Tiney,International Relations,Academic staff,Dr,Research
Sinja Graf,International Relations,Academic staff,Dr,Research
Jürgen Haacke,International Relations,Academic staff,Dr,Research
Jonny Hall,International Relations,Academic staff,Dr,Research
Mirko Heinzel,International Relations,Academic staff,Dr,Research
Joe Dacre Higton,International Relations,Academic staff,,Research
Mark Hoffman,International Relations,Academic staff,,Research
Kira Huju,International Relations,Academic staff,Dr,Research
Jennifer Jackson-Preece,International Relations,Academic staff,Dr,Research
Nikhil Kalyanpur,International Relations,Academic staff,Dr,Research
Mathias Koenig-Archibugi,International Relations,Academic staff,Dr,Research
Milli Lake,International Relations,Academic staff,Dr,Research
Tomila Lankina,International Relations,Academic staff,Professor,Research
Boram Lee,International Relations,Academic staff,Dr,Research
Jens Meierhenrich,International Relations,Academic staff,Professor,Research
Katharine Millar,International Relations,Academic staff,Dr,Research
Irene Morlino,International Relations,Academic staff,Dr,Research
James Morrison,International Relations,Academic staff,Dr,Research
Rohan Mukherjee,International Relations,Academic staff,Dr,Research
Natalya Naqvi,International Relations,Academic staff,Dr,Research
Victoria Paniagua,International Relations,Academic staff,Dr,Research
Fabian Pape,International Relations,Academic staff,,Research
McKenzie Ratner,International Relations,Academic staff,Dr,Research
Howie Rechavia-Taylor,International Relations,Academic staff,Dr,Research
Stephanie Schwartz,International Relations,Academic staff,Dr,Research
Giulia Sciorati,International Relations,Academic staff,Dr,Research
Ulrich Sedelmeier,International Relations,Academic staff,Dr,Research
John Sidel,International Relations,Academic staff,Professor,Research
Karen E. Smith,International Relations,Academic staff,Professor,Research
Marta Soprana,International Relations,Academic staff,Dr,Research
Dimitrios Stroikos,International Relations,Academic staff,Dr,Research
Lauren Sukin,International Relations,Academic staff,Dr,Research
Luca Tardelli,International Relations,Academic staff,Dr,Research
Peter Trubowitz,International Relations,Academic staff,Professor,Research
James Walters,International Relations,Academic staff,Professor,Research
Peter Wilson,International Relations,Academic staff,Dr,Research
Mariia Zolkina,International Relations,Academic staff,,Research
Noah Zucker,International Relations,Academic staff,Dr,Research
Amy Brook,International Relations,Professional services staff,,Non-Research
Hermione Burnett,International Relations,Professional services staff,,Non-Research
Alison Carter,International Relations,Professional services staff,,Non-Research
Sarah Hélias,International Relations,Professional services staff,,Non-Research
Katy HillEvents Co-ordinator,International Relations,Professional services staff,,Non-Research
Romy Mokogwu,International Relations,Professional services staff,,Non-Research
Nick Ortiz,International Relations,Professional services staff,,Non-Research
Claire Ridge,International Relations,Professional services staff,,Non-Research
Rosie Springett,International Relations,Professional services staff,,Non-Research
Giovanni Angioni,International Relations,Academic Visitors,Dr,Research
Mia Certo,International Relations,Academic Visitors,Dr,Research
Eyüp Ersoy,International Relations,Academic Visitors,Dr,Research
Gubad Ibadoghlu,International Relations,Academic Visitors,Dr,Research
Paul Kirby,International Relations,Academic Visitors,Dr,Research
Anahita Motazed Rad,International Relations,Academic Visitors,Dr,Research
Michael Reynolds,International Relations,Academic Visitors,Dr,Research
Geoffrey Swenson,International Relations,Academic Visitors,Dr,Research
Jianyong Yue,International Relations,Academic Visitors,Dr,Research
Chris Brown,International Relations,Emeritus and retired staff,Professor,Research
Barry Buzan,International Relations,Emeritus and retired staff,Professor,Research
Michael Cox,International Relations,Emeritus and retired staff,Professor,Research
Chris Hughes,International Relations,Emeritus and retired staff,Professor,Research
John Kent,International Relations,Emeritus and retired staff,Dr,Research
Margot Light,International Relations,Emeritus and retired staff,Professor,Research
James Mayall,International Relations,Emeritus and retired staff,Professor,Research
Nicholas Sims,International Relations,Emeritus and retired staff,,Research
Paul Taylor,International Relations,Emeritus and retired staff,Professor,Research
William Wallace,International Relations,Emeritus and retired staff,Professor,Research
Stephen Woolcock,International Relations,Emeritus and retired staff,Dr,Research
Michael Yahuda,International Relations,Emeritus and retired staff,Professor,Research
Albert Cullell Cano,International Relations,Graduate teaching assistants (GTAs),,Non-Research
Caroline Elak,International Relations,Graduate teaching assistants (GTAs),,Non-Research
Emanuele Errichiello,International Relations,Graduate teaching assistants (GTAs),,Non-Research
Elizabeth Humphrey,International Relations,Graduate teaching assistants (GTAs),,Non-Research
Shireen Manocha,International Relations,Graduate teaching assistants (GTAs),,Non-Research
Chloe Raid,International Relations,Graduate teaching assistants (GTAs),,Non-Research
Hadrien Saperstein,International Relations,Graduate teaching assistants (GTAs),,Non-Research
Woohyeok Seo,International Relations,Graduate teaching assistants (GTAs),,Non-Research
Mehdi Shakarchi,International Relations,Graduate teaching assistants (GTAs),,Non-Research
Mariah Thornton,International Relations,Graduate teaching assistants (GTAs),,Non-Research
Sara Wong,International Relations,Graduate teaching assistants (GTAs),,Non-Research
Agnes Yu,International Relations,Graduate teaching assistants (GTAs),,Non-Research
Arthur Kilgore,International Relations,Guest teachers,,Non-Research
Oksana Levkovych,International Relations,Guest teachers,,Non-Research
David Rampton,International Relations,Guest teachers,,Non-Research
James Strong,International Relations,Guest teachers,,Non-Research
Victor Agboga,Government,Academic Staff,,Research
Elise Antoine,Government,Academic Staff,Dr,Research
Paul Apostolidis,Government,Academic Staff,Professor,Research
Tom Bailey,Government,Academic Staff,,Research
Daniel Berliner,Government,Academic Staff,Dr,Research
Catherine Boone,Government,Academic Staff,Professor,Research
Sarah Brierley,Government,Academic Staff,Dr,Research
Michael Bruter,Government,Academic Staff,Professor,Research
John Chalcraft,Government,Academic Staff,Professor,Research
Nicholas Devlin,Government,Academic Staff,Dr,Research
Torun Dewan,Government,Academic Staff,Professor,Research
Carolin Dieterle,Government,Academic Staff,Dr,Research
Vesselin Dimitrov,Government,Academic Staff,Dr,Research
Katrin Flikschuh,Government,Academic Staff,Professor,Research
Florian Foos,Government,Academic Staff,Dr,Research
David Foster,Government,Academic Staff,Dr,Research
Thalia Gerzso,Government,Academic Staff,Dr,Research
Steffen Hertog,Government,Academic Staff,Dr,Research
Sara Hobolt,Government,Academic Staff,Professor,Research
Jonathan Hopkin,Government,Academic Staff,Professor,Research
Rafael Hortala-Vallve,Government,Academic Staff,Professor,Research
James Hughes,Government,Academic Staff,Professor,Research
Ryan Jablonski,Government,Academic Staff,Dr,Research
Rehan Rafay Jamil,Government,Academic Staff,Dr,Research
Nirvikar Jassal,Government,Academic Staff,Dr,Research
Leigh Jenco,Government,Academic Staff,Professor,Research
Paul Kelly,Government,Academic Staff,Professor,Research
Bill Kissane,Government,Academic Staff,Dr,Research
Valentino Larcinese,Government,Academic Staff,Professor,Research
Michael Lerner,Government,Academic Staff,Dr,Research
Martin Lodge,Government,Academic Staff,Professor,Research
Jacklyn Majnemer,Government,Academic Staff,Dr,Research
Omar McDoom,Government,Academic Staff,Dr,Research
Paul Mitchell,Government,Academic Staff,Dr,Research
Carl Müller-Crepon,Government,Academic Staff,Dr,Research
George Ofosu,Government,Academic Staff,Dr,Research
Ed Page,Government,Academic Staff,Professor,Research
Francisco Panizza,Government,Academic Staff,Professor,Research
Mathias Poertner,Government,Academic Staff,Dr,Research
Stephanie Rickard,Government,Academic Staff,Professor,Research
Melissa Sands,Government,Academic Staff,Dr,Research
Cheryl Schonhardt-Bailey,Government,Academic Staff,Professor,Research
Kai Spiekermann,Government,Academic Staff,Professor,Research
Pavithra Suryanarayan,Government,Academic Staff,Dr,Research
Felipe Torres Raposo,Government,Academic Staff,Dr,Research
Aliz Tóth,Government,Academic Staff,Dr,Research
Tony Travers,Government,Academic Staff,Professor,Research
Deirdre Troy,Government,Academic Staff,Dr,Research
Tamara Tubakovic,Government,Academic Staff,Dr,Research
Joachim Wehner,Government,Academic Staff,Dr,Research
Stephane Wolton,Government,Academic Staff,Professor,Research
David Woodruff,Government,Academic Staff,Dr,Research
Lea Ypi,Government,Academic Staff,Professor,Research
Imran Iqbal,Government,Professional Services Staff,,Non-Research
Natalie Paris (Ms),Government,Professional Services Staff,,Non-Research
Charlie Tickle,Government,Professional Services Staff,,Non-Research
Katerina Collins (Ms),Government,Professional Services Staff,,Non-Research
BellaRose Lennon (Ms),Government,Professional Services Staff,,Non-Research
Laure Van Rensburg (Ms),Government,Professional Services Staff,,Non-Research
Emily Crook (Mrs),Government,Professional Services Staff,,Non-Research
Serena James (Ms),Government,Professional Services Staff,,Non-Research
Karen Dickenson (Ms),Government,Professional Services Staff,,Non-Research
Kay O'Neill,Government,Professional Services Staff,,Non-Research
Clair Harrison (Ms),Government,Professional Services Staff,,Non-Research
James Robins,Government,Professional Services Staff,,Non-Research
Kevin Shields,Government,Professional Services Staff,,Non-Research
Shelly Wilkley (Mrs),Government,Professional Services Staff,,Non-Research
Zachary Dickson,Government,Research Staff,,Research
Sarah Harrison,Government,Research Staff,Dr,Research
Sebastian Balfour Guest Lecturer),Government,Guest Teachers and GTAs,,Non-Research
Sarah Goff and,Government,Guest Teachers and GTAs,,Non-Research
Geoffrey Myers,Government,Guest Teachers and GTAs,,Non-Research
Jill Stuart,Government,Guest Teachers and GTAs,,Non-Research
Maximillian Afnan,Government,Guest Teachers and GTAs,,Non-Research
Ville Aula and,Government,Guest Teachers and GTAs,,Non-Research
Luis Bosshart,Government,Guest Teachers and GTAs,,Non-Research
Morris Chan,Government,Guest Teachers and GTAs,,Non-Research
Cristina Conesa Pla,Government,Guest Teachers and GTAs,,Non-Research
Julia-Anne Costet,Government,Guest Teachers and GTAs,,Non-Research
Tommaso Crescioli,Government,Guest Teachers and GTAs,,Non-Research
Andrea Delestrade,Government,Guest Teachers and GTAs,,Non-Research
Tessa Devereaux-Evans,Government,Guest Teachers and GTAs,,Non-Research
Melanie Erspamer,Government,Guest Teachers and GTAs,,Non-Research
Ugo Gaudino and,Government,Guest Teachers and GTAs,Dr,Non-Research
Kristof Horvath,Government,Guest Teachers and GTAs,,Non-Research
Conor Kelly,Government,Guest Teachers and GTAs,,Non-Research
Yusuf Khan,Government,Guest Teachers and GTAs,,Non-Research
Paul Kindermann,Government,Guest Teachers and GTAs,,Non-Research
Matthias Kroenke,Government,Guest Teachers and GTAs,Dr,Non-Research
Evgeniya Kudinova,Government,Guest Teachers and GTAs,,Non-Research
Tiffany Lau,Government,Guest Teachers and GTAs,,Non-Research
Nick Lewis,Government,Guest Teachers and GTAs,,Non-Research
Xufan Ma,Government,Guest Teachers and GTAs,,Non-Research
Alexander McKenna,Government,Guest Teachers and GTAs,Dr,Non-Research
Stefano Merlo,Government,Guest Teachers and GTAs,,Non-Research
Lennard Metson Data Assistant),Government,Guest Teachers and GTAs,,Non-Research
Emma Obermair,Government,Guest Teachers and GTAs,,Non-Research
Asfa Shakeel,Government,Guest Teachers and GTAs,,Non-Research
Alexander Soldatkin,Government,Guest Teachers and GTAs,,Non-Research
Sarah Tustin,Government,Guest Teachers and GTAs,,Non-Research
Stephanie Wanga,Government,Guest Teachers and GTAs,,Non-Research
Jan Wasserziehr,Government,Guest Teachers and GTAs,,Non-Research
Felix Westeren,Government,Guest Teachers and GTAs,,Non-Research
Peter Wyckoff,Government,Guest Teachers and GTAs,,Non-Research
Alex Yeandle,Government,Guest Teachers and GTAs,,Non-Research
Antoine Zerbini,Government,Guest Teachers and GTAs,,Non-Research
Sebastian Balfour,Government,"Emeritus, Affiliated & Visiting Academic Staff",Professor,Research
John Barnes,Government,"Emeritus, Affiliated & Visiting Academic Staff",,Research
Rodney Barker,Government,"Emeritus, Affiliated & Visiting Academic Staff",Professor,Research
John Breuilly,Government,"Emeritus, Affiliated & Visiting Academic Staff",Professor,Research
John Charvet,Government,"Emeritus, Affiliated & Visiting Academic Staff",Professor,Research
Janet Coleman,Government,"Emeritus, Affiliated & Visiting Academic Staff",Professor,Research
Patrick Dunleavy,Government,"Emeritus, Affiliated & Visiting Academic Staff",Professor,Research
John Gray,Government,"Emeritus, Affiliated & Visiting Academic Staff",Professor,Research
Chun Lin,Government,"Emeritus, Affiliated & Visiting Academic Staff",Professor,Research
John Madeley,Government,"Emeritus, Affiliated & Visiting Academic Staff",,Research
Anne Phillips,Government,"Emeritus, Affiliated & Visiting Academic Staff",Professor,Research
David Soskice,Government,"Emeritus, Affiliated & Visiting Academic Staff",Professor,Research
Ernest Thorp,Government,"Emeritus, Affiliated & Visiting Academic Staff",,Research
Michael Barzelay,Government,"Emeritus, Affiliated & Visiting Academic Staff",Professor,Research
Charlie Beckett,Government,"Emeritus, Affiliated & Visiting Academic Staff",Professor,Research
Kenneth Benoit,Government,"Emeritus, Affiliated & Visiting Academic Staff",Professor,Research
Jean-Paul Faguet,Government,"Emeritus, Affiliated & Visiting Academic Staff",Professor,Research
Tasha Fairfeld,Government,"Emeritus, Affiliated & Visiting Academic Staff",Dr,Research
Kevin Featherstone,Government,"Emeritus, Affiliated & Visiting Academic Staff",Professor,Research
Benjamin Lauderdale,Government,"Emeritus, Affiliated & Visiting Academic Staff",Dr,Research
Javier Ortega,Government,"Emeritus, Affiliated & Visiting Academic Staff",Professor,Research
James Putzel,Government,"Emeritus, Affiliated & Visiting Academic Staff",Professor,Research
Ken Shadlen,Government,"Emeritus, Affiliated & Visiting Academic Staff",Professor,Research
Eiko Thielemann,Government,"Emeritus, Affiliated & Visiting Academic Staff",Dr,Research
Jonathan White,Government,"Emeritus, Affiliated & Visiting Academic Staff",Professor,Research
David Banisar,Government,"Emeritus, Affiliated & Visiting Academic Staff",Dr,Research
Sevinc Bermek,Government,"Emeritus, Affiliated & Visiting Academic Staff",Dr,Research
Carlos Bravo Laguna,Government,"Emeritus, Affiliated & Visiting Academic Staff",Dr,Research
Andrea Capussela,Government,"Emeritus, Affiliated & Visiting Academic Staff",Dr,Research
Francesco Colombo,Government,"Emeritus, Affiliated & Visiting Academic Staff",Dr,Research
Daniel de Kadt,Government,"Emeritus, Affiliated & Visiting Academic Staff",Dr,Research
Thoraya El-Rayyes,Government,"Emeritus, Affiliated & Visiting Academic Staff",Dr,Research
Federico Fuchs,Government,"Emeritus, Affiliated & Visiting Academic Staff",Dr,Research
Francisco Garcia-Gibson,Government,"Emeritus, Affiliated & Visiting Academic Staff",Dr,Research
Efe Gurcan -,Government,"Emeritus, Affiliated & Visiting Academic Staff",Dr,Research
Dominik Hangartner,Government,"Emeritus, Affiliated & Visiting Academic Staff",Dr,Research
Helios Herrera,Government,"Emeritus, Affiliated & Visiting Academic Staff",Professor,Research
Tuomas Kari,Government,"Emeritus, Affiliated & Visiting Academic Staff",Dr,Research
Bruno Leipold,Government,"Emeritus, Affiliated & Visiting Academic Staff",Dr,Research
Julia Leschke,Government,"Emeritus, Affiliated & Visiting Academic Staff",Dr,Research
Lanlan Li,Government,"Emeritus, Affiliated & Visiting Academic Staff",Dr,Research
Richard Mottram (Sir),Government,"Emeritus, Affiliated & Visiting Academic Staff",,Research
Alberto Parmigiani,Government,"Emeritus, Affiliated & Visiting Academic Staff",Dr,Research
Elena Pupaza,Government,"Emeritus, Affiliated & Visiting Academic Staff",Dr,Research
Antoni Rodon-Casarramona,Government,"Emeritus, Affiliated & Visiting Academic Staff",Dr,Research
Andrew Rudalevige,Government,"Emeritus, Affiliated & Visiting Academic Staff",Professor,Research
Nelson Ruiz,Government,"Emeritus, Affiliated & Visiting Academic Staff",Dr,Research
Lukas Slothuus,Government,"Emeritus, Affiliated & Visiting Academic Staff",Dr,Research
Zeynep Somer Topcu,Government,"Emeritus, Affiliated & Visiting Academic Staff",Dr,Research
Christine Stedtnitz,Government,"Emeritus, Affiliated & Visiting Academic Staff",Dr,Research
Tinghua Yu,Government,"Emeritus, Affiliated & Visiting Academic Staff",Dr,Research
Patrick Wallis,Economic History,Senior Management Team,Professor,Non-Research
Neil Cummins,Economic History,Senior Management Team,Professor,Non-Research
Sara Horrell,Economic History,Senior Management Team,Professor,Non-Research
Jennie Stayner,Economic History,Senior Management Team,,Non-Research
Olivier Accominotti,Economic History,"Faculty, Fellows and Teachers",Professor,Research
Dudley Baines,Economic History,"Faculty, Fellows and Teachers",,Research
Gerben Bakker,Economic History,"Faculty, Fellows and Teachers",Dr,Research
Jordan Claridge,Economic History,"Faculty, Fellows and Teachers",Dr,Research
Kent Deng,Economic History,"Faculty, Fellows and Teachers",Professor,Research
Leigh Gardner,Economic History,"Faculty, Fellows and Teachers",Professor,Research
Andres Guiot Isaac,Economic History,"Faculty, Fellows and Teachers",,Research
Jane Humphries,Economic History,"Faculty, Fellows and Teachers",Professor,Research
Tehreem Husain,Economic History,"Faculty, Fellows and Teachers",Dr,Research
Janet Hunter,Economic History,"Faculty, Fellows and Teachers",Professor,Research
Alejandra Irigoin,Economic History,"Faculty, Fellows and Teachers",Dr,Research
Mina Ishizu,Economic History,"Faculty, Fellows and Teachers",Dr,Research
Jason Lennard,Economic History,"Faculty, Fellows and Teachers",Dr,Research
Colin Lewis,Economic History,"Faculty, Fellows and Teachers",Professor,Research
Chris Minns,Economic History,"Faculty, Fellows and Teachers",Professor,Research
Safya Morshed,Economic History,"Faculty, Fellows and Teachers",Dr,Research
Mary S Morgan,Economic History,"Faculty, Fellows and Teachers",Professor,Research
Natacha Postel-Vinay,Economic History,"Faculty, Fellows and Teachers",Dr,Research
Albrecht Ritschl,Economic History,"Faculty, Fellows and Teachers",Professor,Research
Joan Roses,Economic History,"Faculty, Fellows and Teachers",Professor,Research
Tirthankar Roy,Economic History,"Faculty, Fellows and Teachers",Professor,Research
Anne Ruderman,Economic History,"Faculty, Fellows and Teachers",Dr,Research
Mohamed Saleh,Economic History,"Faculty, Fellows and Teachers",Dr,Research
Max Schulze,Economic History,"Faculty, Fellows and Teachers",Professor,Research
Eric Schneider,Economic History,"Faculty, Fellows and Teachers",Professor,Research
Sabine Schneider,Economic History,"Faculty, Fellows and Teachers",Dr,Research
Rebecca Simson,Economic History,"Faculty, Fellows and Teachers",Dr,Research
Oliver Volckart,Economic History,"Faculty, Fellows and Teachers",Professor,Research
Melanie Meng Xue,Economic History,"Faculty, Fellows and Teachers",Dr,Research
Chris Kissane,Economic History,Public Engagement and Impact,Dr,Research
Jeremiah Dittmar,Economic History,Affiliated Faculty,Dr,Research
Nadia Matringe,Economic History,Affiliated Faculty,Dr,Research
Luisa Bicalho Ritzkat,Economic History,Graduate Teaching Assistants 2023-24,,Non-Research
Eoin Dignam,Economic History,Graduate Teaching Assistants 2023-24,,Non-Research
Nick Fitzhenry,Economic History,Graduate Teaching Assistants 2023-24,,Non-Research
Andres Irarrazaval Garcia Huidobro,Economic History,Graduate Teaching Assistants 2023-24,,Non-Research
Yangyang Liu,Economic History,Graduate Teaching Assistants 2023-24,,Non-Research
Zane Jennings,Economic History,Graduate Teaching Assistants 2023-24,,Non-Research
Viren Mahurkar,Economic History,Graduate Teaching Assistants 2023-24,,Non-Research
William Mitchell,Economic History,Graduate Teaching Assistants 2023-24,,Non-Research
Andy Park,Economic History,Graduate Teaching Assistants 2023-24,,Non-Research
Nick Peyton,Economic History,Graduate Teaching Assistants 2023-24,,Non-Research
Sheila Pugh,Economic History,Graduate Teaching Assistants 2023-24,,Non-Research
Greg Salter,Economic History,Graduate Teaching Assistants 2023-24,,Non-Research
Noah Sutter,Economic History,Graduate Teaching Assistants 2023-24,,Non-Research
Tianning Zhu,Economic History,Graduate Teaching Assistants 2023-24,,Non-Research
Ahmet Akarli,Economic History,Visiting Academics,Dr,Research
Robert J Bennett,Economic History,Visiting Academics,Professor,Research
Youssef Cassis,Economic History,Visiting Academics,Professor,Research
David Chambers,Economic History,Visiting Academics,Professor,Research
Jordi Domenich Feliu,Economic History,Visiting Academics,,Research
Terry Gourvish,Economic History,Visiting Academics,,Research
Leslie Hannah,Economic History,Visiting Academics,Professor,Research
Karolina Hutkova,Economic History,Visiting Academics,Dr,Research
Maarten Prak,Economic History,Visiting Academics,Professor,Research
Andrew Seltzer,Economic History,Visiting Academics,Professor,Research
Niccolò Valmori,Economic History,Visiting Academics,Dr,Research
Oli Harrison,Economic History,Professional Support Staff,,Non-Research
Kamilah Hassan,Economic History,Professional Support Staff,,Non-Research
Helena Ivins,Economic History,Professional Support Staff,,Non-Research
Tracy Keefe,Economic History,Professional Support Staff,,Non-Research
Darren Townsend,Economic History,Professional Support Staff,,Non-Research
Hyun Bang Shin,Geography and Environment,Senior Management Team,Professor,Non-Research
Christian Hilber,Geography and Environment,Senior Management Team,Professor,Non-Research
Claire Mercer,Geography and Environment,Senior Management Team,Professor,Non-Research
Simon Dietz,Geography and Environment,Senior Management Team,Professor,Non-Research
Nancy Holman,Geography and Environment,Senior Management Team,Dr,Non-Research
Olmo Silva,Geography and Environment,Senior Management Team,Professor,Non-Research
Sam Colegate,Geography and Environment,Senior Management Team,,Non-Research
Laura Antona,Geography and Environment,Academic staff,Dr,Research
Giles Atkinson,Geography and Environment,Academic staff,Professor,Research
Aretousa Bloom,Geography and Environment,Academic staff,Dr,Research
Filippo Boeri,Geography and Environment,Academic staff,Dr,Research
Felipe Carozzi,Geography and Environment,Academic staff,Dr,Research
Ryan Centner,Geography and Environment,Academic staff,Dr,Research
Anomitro Chatterjee,Geography and Environment,Academic staff,Dr,Research
Paul Cheshire,Geography and Environment,Academic staff,Professor,Research
Julia Corwin,Geography and Environment,Academic staff,Dr,Research
Riccardo Crescenzi,Geography and Environment,Academic staff,Professor,Research
 Muna Dajani,Geography and Environment,Academic staff,,Research
Eugenie Dugoua,Geography and Environment,Academic staff,Dr,Research
Pooya Ghoddousi,Geography and Environment,Academic staff,,Research
Steve Gibbons,Geography and Environment,Academic staff,Professor,Research
Ian Gordon,Geography and Environment,Academic staff,Professor,Research
Vernon Henderson,Geography and Environment,Academic staff,Professor,Research
Carolin Hulke,Geography and Environment,Academic staff,Dr,Research
Stephen Jarvis,Geography and Environment,Academic staff,Dr,Research
David Jones,Geography and Environment,Academic staff,Professor,Research
Gareth A Jones,Geography and Environment,Academic staff,Professor,Research
Neil Lee,Geography and Environment,Academic staff,Professor,Research
Murray Low,Geography and Environment,Academic staff,Dr,Research
Alan Mace,Geography and Environment,Academic staff,Dr,Research
Michael Mason,Geography and Environment,Academic staff,Professor,Research
Tanya Matthan,Geography and Environment,Academic staff,Dr,Research
Susana Mourato,Geography and Environment,Academic staff,Professor,Research
Eric Neumayer,Geography and Environment,Academic staff,Professor,Research
Henry Overman,Geography and Environment,Academic staff,Professor,Research
Jeffrey Pagel,Geography and Environment,Academic staff,Dr,Research
Charles Palmer,Geography and Environment,Academic staff,Professor,Research
Erica Pani,Geography and Environment,Academic staff,Dr,Research
Kasia Paprocki,Geography and Environment,Academic staff,Dr,Research
Richard Perkins,Geography and Environment,Academic staff,Dr,Research
essor Laura Pulido,Geography and Environment,Academic staff,Professor,Research
Elena Renzullo,Geography and Environment,Academic staff,,Research
Davide Rigo,Geography and Environment,Academic staff,Dr,Research
Andrés Rodríguez-Pose,Geography and Environment,Academic staff,Professor,Research
Sefi Roth,Geography and Environment,Academic staff,Dr,Research
Romola Sanyal,Geography and Environment,Academic staff,Dr,Research
Rodolfo Sejas-Portillo,Geography and Environment,Academic staff,Dr,Research
Thomas Smith,Geography and Environment,Academic staff,Dr,Research
Jessie Speer,Geography and Environment,Academic staff,Dr,Research
Michael Storper,Geography and Environment,Academic staff,Professor,Research
Ana Varela Varela,Geography and Environment,Academic staff,Dr,Research
Meredith Whitten,Geography and Environment,Academic staff,Dr,Research
Hendrik Wolff,Geography and Environment,Academic staff,Professor,Research
Austin Zeiderman,Geography and Environment,Academic staff,Dr,Research
Ignacio Aravena González,Geography and Environment,Teaching staff,,Non-Research
Antonio Avila-Uribe,Geography and Environment,Teaching staff,,Non-Research
Emmanuel Awohouedji,Geography and Environment,Teaching staff,,Non-Research
Ivana Bevilacqua,Geography and Environment,Teaching staff,,Non-Research
Erica Borg,Geography and Environment,Teaching staff,,Non-Research
Paul Brandily,Geography and Environment,Teaching staff,,Non-Research
Álvaro Carbonell Rodríguez,Geography and Environment,Teaching staff,,Non-Research
Amrita DasGupta,Geography and Environment,Teaching staff,,Non-Research
Magdalena Dominguez,Geography and Environment,Teaching staff,Dr,Non-Research
Tea Gamtkitsulashvili,Geography and Environment,Teaching staff,,Non-Research
Ali Glisson,Geography and Environment,Teaching staff,,Non-Research
Nikolaus Hastreiter,Geography and Environment,Teaching staff,,Non-Research
Andrea Herrera,Geography and Environment,Teaching staff,,Non-Research
Merrill Hopper,Geography and Environment,Teaching staff,,Non-Research
Violet Lasdun,Geography and Environment,Teaching staff,,Non-Research
Woong Ki Lee,Geography and Environment,Teaching staff,,Non-Research
Ali Kokbudak,Geography and Environment,Teaching staff,,Non-Research
Till Meisssner,Geography and Environment,Teaching staff,,Non-Research
Jonathan Mille,Geography and Environment,Teaching staff,,Non-Research
Morgan Olive-Carmellini,Geography and Environment,Teaching staff,,Non-Research
Shaonlee Patranbis,Geography and Environment,Teaching staff,,Non-Research
Line Relisieux,Geography and Environment,Teaching staff,,Non-Research
Capucine Riom,Geography and Environment,Teaching staff,,Non-Research
Martina Rotolo,Geography and Environment,Teaching staff,,Non-Research
Hanadi Samhan,Geography and Environment,Teaching staff,,Non-Research
Sraman Sircar,Geography and Environment,Teaching staff,,Non-Research
Tom Siddall,Geography and Environment,Teaching staff,,Non-Research
Anna Smith,Geography and Environment,Teaching staff,,Non-Research
Romano Tarsia,Geography and Environment,Teaching staff,,Non-Research
Hanh-An Trinh,Geography and Environment,Teaching staff,,Non-Research
Ran Wei,Geography and Environment,Teaching staff,,Non-Research
Kapil Yadav,Geography and Environment,Teaching staff,,Non-Research
Jingyuan Zeng,Geography and Environment,Teaching staff,,Non-Research
Ailin Zhang,Geography and Environment,Teaching staff,,Non-Research
Vassilis Monastiriotis,Geography and Environment,Affiliate staff,Dr,Research
Kerstin J Schaefer,Geography and Environment,Affiliate staff,Dr,Research
Monika Streule,Geography and Environment,Affiliate staff,,Research
Ivanilza Da Mata,Geography and Environment,Professional Services Staff,,Non-Research
Lee Mager,Geography and Environment,Professional Services Staff,,Non-Research
Maya King,Geography and Environment,Professional Services Staff,,Non-Research
Amy Cox,Geography and Environment,Professional Services Staff,,Non-Research
Ruby Bennett,Geography and Environment,Professional Services Staff,,Non-Research
Jodie Bispham,Geography and Environment,Professional Services Staff,,Non-Research
Hanna Wolodzko,Geography and Environment,Professional Services Staff,,Non-Research
Tom Jones,Geography and Environment,Professional Services Staff,,Non-Research
Catherine Mitchell,Geography and Environment,Professional Services Staff,,Non-Research
Isobel Jones,Geography and Environment,Professional Services Staff,,Non-Research
Emily Douglas,Geography and Environment,Professional Services Staff,,Non-Research
Caroline Cornish,Geography and Environment,Visiting staff,,Research
Kate Dawson,Geography and Environment,Visiting staff,,Research
Lewis Dijkstra,Geography and Environment,Visiting staff,,Research
Mara Ferreri,Geography and Environment,Visiting staff,,Research
Deborah Fromm,Geography and Environment,Visiting staff,,Research
Michael Harloe,Geography and Environment,Visiting staff,,Research
Kirk Hamilton,Geography and Environment,Visiting staff,,Research
Kyoung-Ae Han,Geography and Environment,Visiting staff,,Research
Simona Iammarino,Geography and Environment,Visiting staff,,Research
Carolin Ioramashvili,Geography and Environment,Visiting staff,,Research
Yi Jin,Geography and Environment,Visiting staff,,Research
Mohsen Khezri,Geography and Environment,Visiting staff,,Research
Loretta Lees,Geography and Environment,Visiting staff,,Research
Paul Metcalfe,Geography and Environment,Visiting staff,,Research
Guy Morrell,Geography and Environment,Visiting staff,,Research
Mark Nesbitt,Geography and Environment,Visiting staff,,Research
Danielle Purifoy,Geography and Environment,Visiting staff,,Research
Camilla Royle,Geography and Environment,Visiting staff,,Research
Asato Saito,Geography and Environment,Visiting staff,,Research
Francis Salway,Geography and Environment,Visiting staff,,Research
Deen Shariff Sharp,Geography and Environment,Visiting staff,,Research
Rory Sullivan,Geography and Environment,Visiting staff,,Research
Jayaraj Sundaresan,Geography and Environment,Visiting staff,,Research
Callum Ward,Geography and Environment,Visiting staff,,Research
Jason Wong,Geography and Environment,Visiting staff,,Research
Baek Yung Kim,Geography and Environment,Visiting staff,,Research
 Mahvish  Ahmad,Sociology,Academic staff,Dr,Research
 Suki  Ali,Sociology,Academic staff,Dr,Research
 Robin  Archer,Sociology,Academic staff,Dr,Research
 Chetan  Bhatt,Sociology,Academic staff,Professor,Research
Ayça  Çubukçu,Sociology,Academic staff,Dr,Research
 Rebecca  Elliott,Sociology,Academic staff,Dr,Research
 Janet  Foster,Sociology,Academic staff,Dr,Research
 Sam  Friedman,Sociology,Academic staff,Professor,Research
Carrie  Friese,Sociology,Academic staff,Dr,Research
 Suzanne  Hall,Sociology,Academic staff,Professor,Research
 Ursula  Henz,Sociology,Academic staff,Dr,Research
 Monika  Krause,Sociology,Academic staff,Professor,Research
 David  Madden,Sociology,Academic staff,Dr,Research
 Patrick  McGovern,Sociology,Academic staff,Dr,Research
 Jana  Melkumova-Reynolds,Sociology,Academic staff,Dr,Research
 Claire  Moon,Sociology,Academic staff,Dr,Research
 David  Pinzur,Sociology,Academic staff,Dr,Research
 Olivia Umurerwa Rutazibwa,Sociology,Academic staff,Dr,Research
 Sara  Salem,Sociology,Academic staff,Dr,Research
 Mike  Savage,Sociology,Academic staff,Professor,Research
 Don  Slater,Sociology,Academic staff,Dr,Research
 Kristin  Surak,Sociology,Academic staff,Dr,Research
 Fran  Tonkiss,Sociology,Academic staff,Professor,Research
 Mai  Taha,Sociology,Academic staff,Dr,Research
 Ioanna  Gouseti,Sociology,Research staff,Dr,Research
 Baljit  Kaur,Sociology,Research staff,Dr,Research
 Annette  Lareau,Sociology,Research staff,Professor,Research
Qilyu  Hong,Sociology,LSE Fellows and Course Tutors,Dr,Non-Research
 Nils  Peters,Sociology,LSE Fellows and Course Tutors,Dr,Non-Research
 Dena Qaddumi,Sociology,LSE Fellows and Course Tutors,Dr,Non-Research
 Faiza  Shaheen,Sociology,LSE Fellows and Course Tutors,Dr,Non-Research
 Hakan  Sandal-Wilson,Sociology,LSE Fellows and Course Tutors,Dr,Non-Research
 Leili  Sreberny-Mohammadi,Sociology,LSE Fellows and Course Tutors,Dr,Non-Research
 Christopher  Badcock,Sociology,Emeritus,Dr,Research
Anthony  Giddens,Sociology,Emeritus,Professor,Research
 Frances  Heidensohn,Sociology,Emeritus,Professor,Research
 Christopher (Reader) Husbands,Sociology,Emeritus,,Research
 Paul  Rock,Sociology,Emeritus,Professor,Research
 Leslie  Sklair,Sociology,Emeritus,Professor,Research
 Charis  Thompson,Sociology,Emeritus,Professor,Research
 Judy  Wajcman,Sociology,Emeritus,Professor,Research
 Emilia Borowska,Sociology,Professional services staff,,Non-Research
 Andrew Christofferson,Sociology,Professional services staff,,Non-Research
 Maddie Giles,Sociology,Professional services staff,,Non-Research
 Louisa Lawrence,Sociology,Professional services staff,,Non-Research
 Clara Lyons,Sociology,Professional services staff,,Non-Research
 Adeel Parvez,Sociology,Professional services staff,,Non-Research
 Yadna Rahman,Sociology,Professional services staff,,Non-Research
 Laura Wain,Sociology,Professional services staff,,Non-Research
 Monika Walker,Sociology,Professional services staff,,Non-Research
Elettra Bordonaro,Sociology,Academic visitors,Dr,Research
Rohit K  Dasgupta,Sociology,Academic visitors,Dr,Research
 Kobe  De Keere,Sociology,Academic visitors,Dr,Research
 Gabriel  Eidelman,Sociology,Academic visitors,Dr,Research
 Amin  Ghaziani,Sociology,Academic visitors,Professor,Research
 Miriam  Glucksmann,Sociology,Academic visitors,Professor,Research
 May  Hen-Smith,Sociology,Academic visitors,Dr,Research
 David  Kampmann,Sociology,Academic visitors,Dr,Research
 Justyna  Kajta,Sociology,Academic visitors,Dr,Research
 Maria  Kramer,Sociology,Academic visitors,Dr,Research
 Bermal  Küçük,Sociology,Academic visitors,Dr,Research
 Marco  Perolini,Sociology,Academic visitors,Dr,Research
Svetlana  Ruseishvili,Sociology,Academic visitors,Dr,Research
 Emma Taylor,Sociology,Academic visitors,Dr,Research
 Paul  Watt,Sociology,Academic visitors,Professor,Research
 Sergey V.  Zherebkin,Sociology,Academic visitors,Professor,Research
 Victoria  Mallett,Sociology,Afilliated Research Fellows,Dr,Research
 Martha  McCurdy,Sociology,Afilliated Research Fellows,Dr,Research
 Dominika  Partyga,Sociology,Afilliated Research Fellows,Dr,Research
 Tim  White,Sociology,Afilliated Research Fellows,Dr,Research
Bethania Antunes,Management,Academic staff,Dr,Research
Sarah Ashwin,Management,Academic staff,Professor,Research
Jonathan E. Booth,Management,Academic staff,Dr,Research
Wafaa Elmezraoui,Management,Academic staff,,Research
Karin King,Management,Academic staff,Dr,Research
Chunyun Li,Management,Academic staff,Dr,Research
Francesca Manzi,Management,Academic staff,Dr,Research
Ellie Stillwell,Management,Academic staff,Dr,Research
Jiaqing (Kathy) Sun,Management,Academic staff,Dr,Research
Jeffrey Thomas,Management,Academic staff,Dr,Research
Frido Wenten,Management,Academic staff,Dr,Research
Chrisanthi Avgerou,Management,Academic staff,Professor,Research
Aaron Cheng,Management,Academic staff,Dr,Research
Antonio Cordella,Management,Academic staff,Dr,Research
Juan Camilo Giraldo Mora,Management,Academic staff,Dr,Research
Francesco Gualdi,Management,Academic staff,Dr,Research
Ela Klecun-Taylor,Management,Academic staff,Dr,Research
Antti Lyyra,Management,Academic staff,Dr,Research
Shirin Madon,Management,Academic staff,Professor,Research
Susan Scott,Management,Academic staff,Professor,Research
Carsten Sørensen,Management,Academic staff,Dr,Research
Will Venters,Management,Academic staff,Dr,Research
Edgar Whitley,Management,Academic staff,Dr,Research
Ricardo Alonso,Management,Academic staff,Professor,Research
Jordi Blanes i Vidal,Management,Academic staff,Dr,Research
Raquel Campos,Management,Academic staff,Dr,Research
Nilesh Dattani,Management,Academic staff,,Research
David de Meza,Management,Academic staff,Professor,Research
Shadi Farahzadi,Management,Academic staff,,Research
Daniel Gottlieb,Management,Academic staff,Professor,Research
Satoshi Kanazawa,Management,Academic staff,Dr,Research
Rocco Macchiavello,Management,Academic staff,Professor,Research
Kristóf Madarász,Management,Academic staff,Dr,Research
Veronica Rappoport,Management,Academic staff,Dr,Research
Diane Reyniers,Management,Academic staff,Professor,Research
Jörn Rothe,Management,Academic staff,Dr,Research
Yona Rubinstein,Management,Academic staff,Professor,Research
Catherine Thomas,Management,Academic staff,Dr,Research
Jose P. Vasquez,Management,Academic staff,Dr,Research
Noam Yuchtman,Management,Academic staff,Professor,Research
Amitav Chakravarti,Management,Academic staff,Professor,Research
Heather Kappes,Management,Academic staff,Dr,Research
Hye-Young Kim,Management,Academic staff,Dr,Research
Xiaolin Li,Management,Academic staff,Dr,Research
Om Narasimhan,Management,Academic staff,Professor,Research
Nicolette Sullivan,Management,Academic staff,Dr,Research
Naufel Vilcassim,Management,Academic staff,Professor,Research
Nayat Horozoglu,Management,Academic staff,Dr,Research
Richard Steinberg,Management,Academic staff,Professor,Research
Nicole Abi-Esber,Management,Academic staff,Dr,Research
Yally Avrahampour,Management,Academic staff,Dr,Research
Harry Barkema,Management,Academic staff,Professor,Research
Rebecca Campbell,Management,Academic staff,Dr,Research
Christine Cote,Management,Academic staff,Dr,Research
Shoshana Dobrow,Management,Academic staff,Dr,Research
Barbara Fasolo,Management,Academic staff,Dr,Research
Haixia (Helen) Hu,Management,Academic staff,Dr,Research
Xiaoran Hu,Management,Academic staff,Dr,Research
Niranjan Janardhanan,Management,Academic staff,Dr,Research
Hyun-Jung Lee,Management,Academic staff,Dr,Research
Xu Li,Management,Academic staff,Dr,Research
Connson Locke,Management,Academic staff,Professor,Research
Nadia Millington,Management,Academic staff,Dr,Research
Lidiia Pletneva,Management,Academic staff,Dr,Research
Dorottya Sallai,Management,Academic staff,Dr,Research
Luc Schneider,Management,Academic staff,Dr,Research
Emma Soane,Management,Academic staff,Dr,Research
Lourdes Sosa,Management,Academic staff,Dr,Research
Aparna Venkatesan,Management,Academic staff,Dr,Research
Chunlin Yu,Management,Academic staff,Dr,Research
Jonathan Liebenau,Management,Academic staff,Dr,Research
Sharon Barnes,Management,Professional services staff,,Non-Research
Nicola Foster,Management,Professional services staff,,Non-Research
Jas Dhanda,Management,Professional services staff,,Non-Research
Paulette Annon,Management,Professional services staff,,Non-Research
Becci Ayling,Management,Professional services staff,,Non-Research
Mallika Bandyopadhyay,Management,Professional services staff,,Non-Research
Alex Banks,Management,Professional services staff,,Non-Research
Kati Cooper,Management,Professional services staff,,Non-Research
Daniella Duarte,Management,Professional services staff,,Non-Research
Charlene Fairs,Management,Professional services staff,,Non-Research
Sarah Greene,Management,Professional services staff,,Non-Research
Freya Grisoni,Management,Professional services staff,,Non-Research
Charlotte Harris,Management,Professional services staff,,Non-Research
Olivia Keane,Management,Professional services staff,,Non-Research
Stephanie Lambert,Management,Professional services staff,Dr,Non-Research
Astrid Laurent,Management,Professional services staff,,Non-Research
Michelle (Mac),Management,Professional services staff,,Non-Research
Nicholas Martin,Management,Professional services staff,,Non-Research
Sharan Purewal,Management,Professional services staff,,Non-Research
Laura Rivers,Management,Professional services staff,,Non-Research
Kareema Carrington,Management,Professional services staff,,Non-Research
Annie Wang,Management,Professional services staff,,Non-Research
Langyi Ye,Management,Professional services staff,,Non-Research
Alessia Zaja,Management,Professional services staff,,Non-Research
Becky Coggins,Management,Professional services staff,,Non-Research
Sophie Gavriel,Management,Professional services staff,,Non-Research
Barbara Miller Manzanares,Management,Professional services staff,,Non-Research
Julie Gordon Shipley,Management,Professional services staff,,Non-Research
Hrilina Lock,Management,Professional services staff,,Non-Research
Cheryl Johnson,Management,Professional services staff,,Non-Research
Linda Sclanders,Management,Professional services staff,,Non-Research
Nayani Gunatilake,Management,Professional services staff,,Non-Research
Alice Johns,Management,Professional services staff,,Non-Research
Wasima Anwari,Management,Professional services staff,,Non-Research
Hiba Dabis,Management,Professional services staff,,Non-Research
Bethan Briggs,Management,Professional services staff,,Non-Research
Ardy Cheung,Management,Professional services staff,,Non-Research
Molly Healy,Management,Professional services staff,,Non-Research
Emma Mullen,Management,Professional services staff,,Non-Research
Raheela Shah,Management,Professional services staff,,Non-Research
Laura Knowles,Management,Professional services staff,,Non-Research
Sam Hunt,Management,Professional services staff,,Non-Research
Paddy Hyde,Management,Professional services staff,,Non-Research
Tevec Ibrahim,Management,Professional services staff,,Non-Research
Daniel Marenghi,Management,Professional services staff,,Non-Research
Désirée Meyerding,Management,Professional services staff,,Non-Research
Nino Nizharadze,Management,Professional services staff,,Non-Research
Leah Murray,Management,Professional services staff,,Non-Research
Virginia Fedrigo,Management,Professional services staff,,Non-Research
Patience Ayalogu,Management,Professional services staff,,Non-Research
Ellie Fleming,Management,Professional services staff,,Non-Research
Camilla Kennedy Harper,Management,Professional services staff,,Non-Research
Emma Ward,Management,Professional services staff,,Non-Research
Emma Balaguette,Management,Professional services staff,,Non-Research
Nenna Opara,Management,Professional services staff,,Non-Research
Jessica Harrison,Management,Professional services staff,,Non-Research
David Meech Mazumdar,Management,Professional services staff,,Non-Research
Martha Langan,Management,Professional services staff,,Non-Research
Kelly Benson,Management,Professional services staff,,Non-Research
Sarosh Kuruvilla,Management,Other academic and research staff,Professor,Research
Saonee Sarker,Management,Other academic and research staff,Professor,Research
Geoffrey Owen,Management,Other academic and research staff,,Research
Susanna Khavul,Management,Other academic and research staff,Dr,Research
Ihor Lantukh,Management,Other academic and research staff,,Research
Rebecca Newton,Management,Other academic and research staff,Dr,Research
Katie Best,Management,Other academic and research staff,Dr,Research
Tal Harel,Management,Other academic and research staff,Dr,Research
Nurul Liyana Mohd Kamil,Management,Other academic and research staff,Dr,Research
Daniela Lup,Management,Other academic and research staff,Dr,Research
Michele Fioretti,Management,Other academic and research staff,Dr,Research
Dr Henry Hang Shen,Management,Other academic and research staff,Dr,Research
Dina Rabie,Management,Other academic and research staff,Dr,Research
Peter Abell,Management,Other academic and research staff,Professor,Research
Ian Angell,Management,Other academic and research staff,Professor,Research
Gautam Appa,Management,Other academic and research staff,Professor,Research
James Backhouse,Management,Other academic and research staff,Dr,Research
Gwyn Bevan,Management,Other academic and research staff,Professor,Research
Jacqueline Coyle-Shapiro,Management,Other academic and research staff,Professor,Research
Saul Estrin,Management,Other academic and research staff,Professor,Research
Carola Frege,Management,Other academic and research staff,Professor,Research
Richard Hyman,Management,Other academic and research staff,Professor,Research
Jannis Kallinikos,Management,Other academic and research staff,Professor,Research
Frank Land,Management,Other academic and research staff,Professor,Research
David Metcalf,Management,Other academic and research staff,Professor,Research
Alexander (Sandy) Pepper,Management,Other academic and research staff,Professor,Research
Larry Phillips,Management,Other academic and research staff,Professor,Research
Jonathan Rosenhead,Management,Other academic and research staff,Professor,Research
Leslie Willcocks,Management,Other academic and research staff,Professor,Research
Paul Williams,Management,Other academic and research staff,Professor,Research
Paul Willman,Management,Other academic and research staff,Professor,Research
Mohamed Abouaziza,Management,Other academic and research staff,Dr,Research
Anushri Gupta,Management,Other academic and research staff,Dr,Research
Philipp Schoenegger,Management,Other academic and research staff,Dr,Research
Oliver Seager,Management,Other academic and research staff,,Research
